{
  "gizmos-infos": {
    "is2D": true,
    "is3DIcon": false,
    "iconSize": 2,
    "gridVisible": true,
    "originAxis2D": {
      "x_visible": true,
      "y_visible": true,
      "z_visible": false
    },
    "originAxis3D": {
      "x_visible": true,
      "y_visible": false,
      "z_visible": true
    },
    "gridColor": [
      54,
      54,
      54,
      255
    ],
    "transformToolName": "position",
    "pivot": "pivot",
    "coordinate": "local",
    "toolsVisibility3d": true
  },
  "__version__": "1.0.3",
  "builder": {
    "taskOptionsMap": {},
    "__version__": "1.3.9"
  },
  "tabs": [
    "4a70cf7e-a185-4d21-8e5c-7267b1ffa065",
    "679d7d04-7dbc-4cab-98e5-68dd29fe2117",
    "b0e61247-4e0e-4111-8cbf-8631439e28c0",
    "964fad2c-3790-4f4d-b097-5b84c706f594"
  ],
  "snap-configs": {
    "position": {
      "x": 1,
      "y": 1,
      "z": 1
    },
    "rotation": 1,
    "scale": 1,
    "isPositionSnapEnabled": false,
    "isRotationSnapEnabled": false,
    "isScaleSnapEnabled": false
  },
  "rect-snap-configs": {
    "enableSnapping": true,
    "snapThreshold": 4
  },
  "float-window": {
    "position": {
      "cc": {
        "Camera": {
          "dock": false,
          "top": null,
          "bottom": 10,
          "left": null,
          "right": 10
        }
      }
    }
  },
  "camera-infos": {
    "efbebfd6-566a-411b-b563-16c0c90e0b59": {
      "position": {
        "x": 931.3242118720494,
        "y": 408.1867676090329,
        "z": 5000
      },
      "rotation": {
        "x": 0,
        "y": 0,
        "z": 0,
        "w": 1
      },
      "viewCenter": {
        "x": 0,
        "y": 0,
        "z": 0
      },
      "contentRect": {
        "x": -88.52440184595604,
        "y": -245.12151494801705,
        "width": 360,
        "height": 180
      },
      "scale": 0.7270686943395988
    },
    "d5251a45-f1e3-42e9-82c5-71c56eb6a8fb": {
      "position": {
        "x": 677.0969437377465,
        "y": 836.2951664444522,
        "z": 5000
      },
      "rotation": {
        "x": 0,
        "y": 0,
        "z": 0,
        "w": 1
      },
      "viewCenter": {
        "x": 0,
        "y": 0,
        "z": 0
      },
      "contentRect": {
        "x": -243.4339599172961,
        "y": 185.50440147171068,
        "width": 1348,
        "height": 953
      },
      "scale": 0.7321861735698697
    },
    "521e3495-7f43-42f3-83ca-bbb6eba1af23": {
      "position": {
        "x": 646.1148685492672,
        "y": 274.7999223220283,
        "z": 5000
      },
      "rotation": {
        "x": 0,
        "y": 0,
        "z": 0,
        "w": 1
      },
      "viewCenter": {
        "x": 360,
        "y": 640,
        "z": 184.06
      },
      "contentRect": {
        "x": -149.01506296721487,
        "y": -281.44731363078444,
        "width": 1388,
        "height": 971
      },
      "scale": 0.8728133258376959
    },
    "90d80fbf-2766-4731-a032-95a819fd0562": {
      "position": {
        "x": 842.280295913551,
        "y": 594.1801161596454,
        "z": 5000
      },
      "rotation": {
        "x": 0,
        "y": 0,
        "z": 0,
        "w": 1
      },
      "viewCenter": {
        "x": 360,
        "y": 640,
        "z": 184.06
      },
      "contentRect": {
        "x": -302.47658994742426,
        "y": -213.05222673868928,
        "width": 1377,
        "height": 971
      },
      "scale": 0.6014377449952415
    },
    "4236b41c-156f-43d1-a768-63c3577cfcee": {
      "position": {
        "x": 758.8984936658572,
        "y": 555.0714014120247,
        "z": 5000
      },
      "rotation": {
        "x": 0,
        "y": 0,
        "z": 0,
        "w": 1
      },
      "viewCenter": {
        "x": 360,
        "y": 640,
        "z": 184.06
      },
      "contentRect": {
        "x": 40.95649340709895,
        "y": 48.81019425788211,
        "width": 1377,
        "height": 971
      },
      "scale": 0.9589911159283802
    },
    "29b29fb9-8800-400a-83b7-86e855f2d25d": {
      "position": {
        "x": 514.2632053236073,
        "y": 540.3081433027365,
        "z": 5000
      },
      "rotation": {
        "x": 0,
        "y": 0,
        "z": 0,
        "w": 1
      },
      "viewCenter": {
        "x": 360,
        "y": 640,
        "z": 184.06
      },
      "contentRect": {
        "x": 127.12000613828643,
        "y": 267.31174068186033,
        "width": 1377,
        "height": 971
      },
      "scale": 1.7784117128980566
    },
    "d7d34ae1-e38b-4ea1-a128-be1b75d34209": {
      "position": {
        "x": 528.124684947136,
        "y": 444.1519559315584,
        "z": 5000
      },
      "rotation": {
        "x": 0,
        "y": 0,
        "z": 0,
        "w": 1
      },
      "viewCenter": {
        "x": 360,
        "y": 640,
        "z": 184.06
      },
      "contentRect": {
        "x": 141.31442205364903,
        "y": 171.39032537994197,
        "width": 1377,
        "height": 971
      },
      "scale": 1.7799424318521433
    },
    "679d7d04-7dbc-4cab-98e5-68dd29fe2117": {
      "position": {
        "x": 461.884218191182,
        "y": 462.98338353176786,
        "z": 5000
      },
      "rotation": {
        "x": 0,
        "y": 0,
        "z": 0,
        "w": 1
      },
      "viewCenter": {
        "x": 360,
        "y": 640,
        "z": 184.06
      },
      "contentRect": {
        "x": -445.33842857777836,
        "y": -133.26679462793373,
        "width": 1307,
        "height": 905
      },
      "scale": 0.7589096264870229
    },
    "964fad2c-3790-4f4d-b097-5b84c706f594": {
      "position": {
        "x": 660.4417614773828,
        "y": 585.5625029829698,
        "z": 5000
      },
      "rotation": {
        "x": 0,
        "y": 0,
        "z": 0,
        "w": 1
      },
      "viewCenter": {
        "x": 360,
        "y": 640,
        "z": 184.06
      },
      "contentRect": {
        "x": 36.72201981909157,
        "y": 166.52348337390842,
        "width": 1289,
        "height": 866
      },
      "scale": 1.0333166596370031
    },
    "cb6e7ff3-6491-473f-bef4-c89901e2432d": {
      "position": {
        "x": 419.09452868407016,
        "y": 464.65743121078896,
        "z": 5000
      },
      "rotation": {
        "x": 0,
        "y": 0,
        "z": 0,
        "w": 1
      },
      "viewCenter": {
        "x": 360,
        "y": 640,
        "z": 184.06
      },
      "contentRect": {
        "x": -9.374412221738321,
        "y": 77.28001815721349,
        "width": 1074,
        "height": 971
      },
      "scale": 1.2532997114440791
    },
    "7c0610b6-a0cd-4a63-beb9-67cd136ffcc5": {
      "position": {
        "x": 487.99532911108656,
        "y": 422.20373630362644,
        "z": 5000
      },
      "rotation": {
        "x": 0,
        "y": 0,
        "z": 0,
        "w": 1
      },
      "viewCenter": {
        "x": 360,
        "y": 640,
        "z": 184.06
      },
      "contentRect": {
        "x": -3.845202416586754,
        "y": -22.467731213478547,
        "width": 1074,
        "height": 971
      },
      "scale": 1.0918172976351905
    },
    "8721ddfb-051b-45fa-bc0e-9b78db462c66": {
      "position": {
        "x": 368.21938474619293,
        "y": 331.6359489152847,
        "z": 5000
      },
      "rotation": {
        "x": 0,
        "y": 0,
        "z": 0,
        "w": 1
      },
      "viewCenter": {
        "x": 360,
        "y": 640,
        "z": 184.06
      },
      "contentRect": {
        "x": -5.5609398811301665,
        "y": -6.297659290609834,
        "width": 1074,
        "height": 971
      },
      "scale": 1.4366727315982049
    },
    "ed15f731-755e-4423-bac3-68b6b04a0912": {
      "position": {
        "x": 501.57673527663445,
        "y": 564.5152678452922,
        "z": 5000
      },
      "rotation": {
        "x": 0,
        "y": 0,
        "z": 0,
        "w": 1
      },
      "viewCenter": {
        "x": 360,
        "y": 640,
        "z": 184.06
      },
      "contentRect": {
        "x": -123.96054628171244,
        "y": -1.0310081259879553,